,train,test,n,g,g_est
0,ant,camel,5,0.04176810411759287,0.04176810411759287
1,ant,ivy,6,0.33285609352240336,0.16642804676120168
2,ant,jedit,7,0.4607870406426275,0.15359568021420916
3,ant,log4j,8,0.08118081180811808,0.02029520295202952
4,ant,lucene,9,0.12415191648098542,0.024830383296197085
5,ant,poi,10,0.10190266471019212,0.016983777451698687
6,ant,velocity,11,0.1031975607849269,0.014742508683560985
7,ant,xalan,12,0.25189176934396945,0.03148647116799618
8,ant,xerces,13,0.1600048920473655,0.017778321338596168
9,camel,ant,5,0.22148722995756764,0.22148722995756764
10,camel,ivy,6,0.24742268041237112,0.2069253635867864
11,camel,log4j,7,0.24651082648900122,0.09570041079768675
12,camel,jedit,8,0.06379407864845568,0.13877047664364653
13,camel,lucene,9,0.09946045814199456,0.03975639826535658
14,camel,poi,10,0.07873341182946336,0.027275383181326135
15,camel,velocity,11,0.14597127037596314,0.03348947463961843
16,camel,xalan,12,0.24292299895165825,0.05791603714095394
17,camel,xerces,13,0.2044509251898473,0.03851972176651296
18,ivy,ant,5,0.03370014338681351,0.03370014338681351
19,ivy,camel,6,0.0,0.020884052058796437
20,ivy,jedit,7,0.07614152042086664,0.1178941579027199
21,ivy,log4j,8,0.18786824532854499,0.11874236943040131
22,ivy,lucene,9,0.14366136053206022,0.060537390718697306
23,ivy,poi,10,0.1703165042424531,0.05111557002484729
24,ivy,velocity,11,0.12256342560920382,0.04621432477813063
25,ivy,xalan,12,0.23232174149840873,0.07971675018563579
26,ivy,xerces,13,0.25098384566695103,0.0621268466443394
27,jedit,ant,5,0.3076422475632663,0.3076422475632663
28,jedit,camel,6,0.09487435948728207,0.057879205773039254
29,jedit,log4j,7,0.05969201460549293,0.09905891782209852
30,jedit,velocity,8,0.04266330817746205,0.04532657062796348
31,jedit,ivy,9,0.1830030869897892,0.21136977465648193
32,jedit,lucene,10,0.04899777282850779,0.05979907416287752
33,jedit,poi,11,0.033378862544681594,0.05505964114201071
34,jedit,xerces,12,0.04483691314045403,0.059965604956353724
35,jedit,xalan,14,0.07662598486018847,0.08062055728439196
36,log4j,ant,5,0.48466941496841287,0.48466941496841287
37,log4j,camel,6,0.5198640856210103,0.2888716456970248
38,log4j,ivy,7,0.4558525075188889,0.2928640189439509
39,log4j,jedit,8,0.5138790267064888,0.2168903751036621
40,log4j,lucene,9,0.5523583506377929,0.1583109294578606
41,log4j,poi,10,0.4157861603413789,0.11518072767523874
42,log4j,velocity,11,0.5345057193505428,0.11520930615976054
43,log4j,xalan,12,0.45982974016717254,0.12802170514473954
44,log4j,xerces,13,0.5793154097946387,0.11767113882727427
45,lucene,ant,5,0.49169791108730593,0.49169791108730593
46,lucene,camel,6,0.5622272630748482,0.4255494543859365
47,lucene,ivy,7,0.541855749734479,0.3758612625407936
48,lucene,jedit,8,0.6263871763255241,0.31926457540912756
49,lucene,log4j,9,0.5458484499389604,0.1884168242454709
50,lucene,poi,10,0.5852445105720163,0.19352469149136833
51,lucene,velocity,11,0.521654034347117,0.17327283875795432
52,lucene,xalan,12,0.516157019348692,0.17653861942023358
53,lucene,xerces,13,0.5406809818142841,0.16467223249249757
54,poi,ant,5,0.609638731890911,0.609638731890911
55,poi,camel,6,0.5963162291916784,0.5109328417888075
56,poi,ivy,7,0.6335612195479068,0.4617612482098313
57,poi,jedit,8,0.62927759634226,0.39676783064241067
58,poi,log4j,9,0.6042839143217136,0.27159024226071943
59,poi,lucene,10,0.6044356826022671,0.23266505498192835
60,poi,velocity,11,0.53177833010133,0.22448790894986517
61,poi,xalan,12,0.47977296502294176,0.21444291262057208
62,poi,xerces,13,0.4921892967713401,0.20106301741236898
63,velocity,ant,5,0.595267301481697,0.595267301481697
64,velocity,ivy,6,0.5774526678141135,0.5196069580119724
65,velocity,log4j,7,0.45197930251146345,0.3317199290109674
66,velocity,camel,8,0.5139205572879398,0.5201528008041504
67,velocity,jedit,9,0.368580595983053,0.40574297066580006
68,velocity,lucene,10,0.49018287591909293,0.2755846918047891
69,velocity,poi,11,0.370191188436902,0.21876276248358745
70,velocity,xalan,12,0.4785296819093663,0.24745375878167136
71,velocity,xerces,13,0.4305733916194281,0.22656417010204224
72,xalan,ant,5,0.6510032227882315,0.6510032227882315
73,xalan,camel,6,0.4742912503270608,0.4972220255656056
74,xalan,jedit,7,0.5483904242741634,0.45329212186858786
75,xalan,log4j,8,0.4895122050946558,0.37116799803188955
76,xalan,ivy,9,0.5909970958373668,0.5483649289165358
77,xalan,lucene,10,0.5913640041229346,0.32821457719114666
78,xalan,poi,11,0.592937129902871,0.27221624354348506
79,xalan,velocity,12,0.5681000008674607,0.2674394204395646
80,xalan,xerces,13,0.5303354874438455,0.2603165386955759
81,xerces,ant,5,0.6255076437569519,0.6255076437569519
82,xerces,log4j,6,0.5080679107618915,0.43961795439689055
83,xerces,ivy,7,0.5469055297911909,0.5567056626355101
84,xerces,jedit,8,0.39636188054906824,0.44153361181758477
85,xerces,lucene,9,0.4895980893733098,0.3604912796275793
86,xerces,camel,10,0.5795557846848687,0.5421128373096852
87,xerces,poi,11,0.5766164189295656,0.3157019828843537
88,xerces,velocity,12,0.5488335662343904,0.3026136886639178
89,xerces,xalan,13,0.4640267808761015,0.2715174279032747
0,ant,camel,5,0.04176810411759287,0.04176810411759287
1,ant,ivy,6,0.33285609352240336,0.16642804676120168
2,ant,jedit,7,0.4607870406426275,0.15359568021420916
3,ant,log4j,8,0.08118081180811808,0.02029520295202952
4,ant,lucene,9,0.12415191648098542,0.024830383296197085
5,ant,poi,10,0.10190266471019212,0.016983777451698687
6,ant,velocity,11,0.1031975607849269,0.014742508683560985
7,ant,xalan,12,0.25189176934396945,0.03148647116799618
8,ant,xerces,13,0.1600048920473655,0.017778321338596168
9,camel,ant,5,0.22148722995756764,0.22148722995756764
10,camel,ivy,6,0.24742268041237112,0.2069253635867864
11,camel,log4j,7,0.24651082648900122,0.09570041079768675
12,camel,jedit,8,0.06379407864845568,0.13877047664364653
13,camel,lucene,9,0.09946045814199456,0.03975639826535658
14,camel,poi,10,0.07873341182946336,0.027275383181326135
15,camel,velocity,11,0.14597127037596314,0.03348947463961843
16,camel,xalan,12,0.24292299895165825,0.05791603714095394
17,camel,xerces,13,0.2044509251898473,0.03851972176651296
18,ivy,ant,5,0.03370014338681351,0.03370014338681351
19,ivy,camel,6,0.0,0.020884052058796437
20,ivy,jedit,7,0.07614152042086664,0.1178941579027199
21,ivy,log4j,8,0.18786824532854499,0.11874236943040131
22,ivy,lucene,9,0.14366136053206022,0.060537390718697306
23,ivy,poi,10,0.1703165042424531,0.05111557002484729
24,ivy,velocity,11,0.12256342560920382,0.04621432477813063
25,ivy,xalan,12,0.23232174149840873,0.07971675018563579
26,ivy,xerces,13,0.25098384566695103,0.0621268466443394
27,jedit,ant,5,0.3076422475632663,0.3076422475632663
28,jedit,camel,6,0.09487435948728207,0.057879205773039254
29,jedit,log4j,7,0.05969201460549293,0.09905891782209852
30,jedit,velocity,8,0.04266330817746205,0.04532657062796348
31,jedit,ivy,9,0.1830030869897892,0.21136977465648193
32,jedit,lucene,10,0.04899777282850779,0.05979907416287752
33,jedit,poi,11,0.033378862544681594,0.05505964114201071
34,jedit,xerces,12,0.04483691314045403,0.059965604956353724
35,jedit,xalan,14,0.07662598486018847,0.08062055728439196
36,log4j,ant,5,0.48466941496841287,0.48466941496841287
37,log4j,camel,6,0.5198640856210103,0.2888716456970248
38,log4j,ivy,7,0.4558525075188889,0.2928640189439509
39,log4j,jedit,8,0.5138790267064888,0.2168903751036621
40,log4j,lucene,9,0.5523583506377929,0.1583109294578606
41,log4j,poi,10,0.4157861603413789,0.11518072767523874
42,log4j,velocity,11,0.5345057193505428,0.11520930615976054
43,log4j,xalan,12,0.45982974016717254,0.12802170514473954
44,log4j,xerces,13,0.5793154097946387,0.11767113882727427
45,lucene,ant,5,0.49169791108730593,0.49169791108730593
46,lucene,camel,6,0.5622272630748482,0.4255494543859365
47,lucene,ivy,7,0.541855749734479,0.3758612625407936
48,lucene,jedit,8,0.6263871763255241,0.31926457540912756
49,lucene,log4j,9,0.5458484499389604,0.1884168242454709
50,lucene,poi,10,0.5852445105720163,0.19352469149136833
51,lucene,velocity,11,0.521654034347117,0.17327283875795432
52,lucene,xalan,12,0.516157019348692,0.17653861942023358
53,lucene,xerces,13,0.5406809818142841,0.16467223249249757
54,poi,ant,5,0.609638731890911,0.609638731890911
55,poi,camel,6,0.5963162291916784,0.5109328417888075
56,poi,ivy,7,0.6335612195479068,0.4617612482098313
57,poi,jedit,8,0.62927759634226,0.39676783064241067
58,poi,log4j,9,0.6042839143217136,0.27159024226071943
59,poi,lucene,10,0.6044356826022671,0.23266505498192835
60,poi,velocity,11,0.53177833010133,0.22448790894986517
61,poi,xalan,12,0.47977296502294176,0.21444291262057208
62,poi,xerces,13,0.4921892967713401,0.20106301741236898
63,velocity,ant,5,0.595267301481697,0.595267301481697
64,velocity,ivy,6,0.5774526678141135,0.5196069580119724
65,velocity,log4j,7,0.45197930251146345,0.3317199290109674
66,velocity,camel,8,0.5139205572879398,0.5201528008041504
67,velocity,jedit,9,0.368580595983053,0.40574297066580006
68,velocity,lucene,10,0.49018287591909293,0.2755846918047891
69,velocity,poi,11,0.370191188436902,0.21876276248358745
70,velocity,xalan,12,0.4785296819093663,0.24745375878167136
71,velocity,xerces,13,0.4305733916194281,0.22656417010204224
72,xalan,ant,5,0.6510032227882315,0.6510032227882315
73,xalan,camel,6,0.4742912503270608,0.4972220255656056
74,xalan,jedit,7,0.5483904242741634,0.45329212186858786
75,xalan,log4j,8,0.4895122050946558,0.37116799803188955
76,xalan,ivy,9,0.5909970958373668,0.5483649289165358
77,xalan,lucene,10,0.5913640041229346,0.32821457719114666
78,xalan,poi,11,0.592937129902871,0.27221624354348506
79,xalan,velocity,12,0.5681000008674607,0.2674394204395646
80,xalan,xerces,13,0.5303354874438455,0.2603165386955759
81,xerces,ant,5,0.6255076437569519,0.6255076437569519
82,xerces,log4j,6,0.5080679107618915,0.43961795439689055
83,xerces,ivy,7,0.5469055297911909,0.5567056626355101
84,xerces,jedit,8,0.39636188054906824,0.44153361181758477
85,xerces,lucene,9,0.4895980893733098,0.3604912796275793
86,xerces,camel,10,0.5795557846848687,0.5421128373096852
87,xerces,poi,11,0.5766164189295656,0.3157019828843537
88,xerces,velocity,12,0.5488335662343904,0.3026136886639178
89,xerces,xalan,13,0.4640267808761015,0.2715174279032747
0,ant,camel,5,0.04176810411759287,0.04176810411759287
1,ant,ivy,6,0.33285609352240336,0.16642804676120168
2,ant,jedit,7,0.4607870406426275,0.15359568021420916
3,ant,log4j,8,0.08118081180811808,0.02029520295202952
4,ant,lucene,9,0.12415191648098542,0.024830383296197085
5,ant,poi,10,0.10190266471019212,0.016983777451698687
6,ant,velocity,11,0.1031975607849269,0.014742508683560985
7,ant,xalan,12,0.25189176934396945,0.03148647116799618
8,ant,xerces,13,0.1600048920473655,0.017778321338596168
9,camel,ant,5,0.22148722995756764,0.22148722995756764
10,camel,ivy,6,0.24742268041237112,0.2069253635867864
11,camel,log4j,7,0.24651082648900122,0.09570041079768675
12,camel,jedit,8,0.06379407864845568,0.13877047664364653
13,camel,lucene,9,0.09946045814199456,0.03975639826535658
14,camel,poi,10,0.07873341182946336,0.027275383181326135
15,camel,velocity,11,0.14597127037596314,0.03348947463961843
16,camel,xalan,12,0.24292299895165825,0.05791603714095394
17,camel,xerces,13,0.2044509251898473,0.03851972176651296
18,ivy,ant,5,0.03370014338681351,0.03370014338681351
19,ivy,camel,6,0.0,0.020884052058796437
20,ivy,jedit,7,0.07614152042086664,0.1178941579027199
21,ivy,log4j,8,0.18786824532854499,0.11874236943040131
22,ivy,lucene,9,0.14366136053206022,0.060537390718697306
23,ivy,poi,10,0.1703165042424531,0.05111557002484729
24,ivy,velocity,11,0.12256342560920382,0.04621432477813063
25,ivy,xalan,12,0.23232174149840873,0.07971675018563579
26,ivy,xerces,13,0.25098384566695103,0.0621268466443394
27,jedit,ant,5,0.3076422475632663,0.3076422475632663
28,jedit,camel,6,0.09487435948728207,0.057879205773039254
29,jedit,log4j,7,0.05969201460549293,0.09905891782209852
30,jedit,velocity,8,0.04266330817746205,0.04532657062796348
31,jedit,ivy,9,0.1830030869897892,0.21136977465648193
32,jedit,lucene,10,0.04899777282850779,0.05979907416287752
33,jedit,poi,11,0.033378862544681594,0.05505964114201071
34,jedit,xerces,12,0.04483691314045403,0.059965604956353724
35,jedit,xalan,14,0.07662598486018847,0.08062055728439196
36,log4j,ant,5,0.48466941496841287,0.48466941496841287
37,log4j,camel,6,0.5198640856210103,0.2888716456970248
38,log4j,ivy,7,0.4558525075188889,0.2928640189439509
39,log4j,jedit,8,0.5138790267064888,0.2168903751036621
40,log4j,lucene,9,0.5523583506377929,0.1583109294578606
41,log4j,poi,10,0.4157861603413789,0.11518072767523874
42,log4j,velocity,11,0.5345057193505428,0.11520930615976054
43,log4j,xalan,12,0.45982974016717254,0.12802170514473954
44,log4j,xerces,13,0.5793154097946387,0.11767113882727427
45,lucene,ant,5,0.49169791108730593,0.49169791108730593
46,lucene,camel,6,0.5622272630748482,0.4255494543859365
47,lucene,ivy,7,0.541855749734479,0.3758612625407936
48,lucene,jedit,8,0.6263871763255241,0.31926457540912756
49,lucene,log4j,9,0.5458484499389604,0.1884168242454709
50,lucene,poi,10,0.5852445105720163,0.19352469149136833
51,lucene,velocity,11,0.521654034347117,0.17327283875795432
52,lucene,xalan,12,0.516157019348692,0.17653861942023358
53,lucene,xerces,13,0.5406809818142841,0.16467223249249757
54,poi,ant,5,0.609638731890911,0.609638731890911
55,poi,camel,6,0.5963162291916784,0.5109328417888075
56,poi,ivy,7,0.6335612195479068,0.4617612482098313
57,poi,jedit,8,0.62927759634226,0.39676783064241067
58,poi,log4j,9,0.6042839143217136,0.27159024226071943
59,poi,lucene,10,0.6044356826022671,0.23266505498192835
60,poi,velocity,11,0.53177833010133,0.22448790894986517
61,poi,xalan,12,0.47977296502294176,0.21444291262057208
62,poi,xerces,13,0.4921892967713401,0.20106301741236898
63,velocity,ant,5,0.595267301481697,0.595267301481697
64,velocity,ivy,6,0.5774526678141135,0.5196069580119724
65,velocity,log4j,7,0.45197930251146345,0.3317199290109674
66,velocity,camel,8,0.5139205572879398,0.5201528008041504
67,velocity,jedit,9,0.368580595983053,0.40574297066580006
68,velocity,lucene,10,0.49018287591909293,0.2755846918047891
69,velocity,poi,11,0.370191188436902,0.21876276248358745
70,velocity,xalan,12,0.4785296819093663,0.24745375878167136
71,velocity,xerces,13,0.4305733916194281,0.22656417010204224
72,xalan,ant,5,0.6510032227882315,0.6510032227882315
73,xalan,camel,6,0.4742912503270608,0.4972220255656056
74,xalan,jedit,7,0.5483904242741634,0.45329212186858786
75,xalan,log4j,8,0.4895122050946558,0.37116799803188955
76,xalan,ivy,9,0.5909970958373668,0.5483649289165358
77,xalan,lucene,10,0.5913640041229346,0.32821457719114666
78,xalan,poi,11,0.592937129902871,0.27221624354348506
79,xalan,velocity,12,0.5681000008674607,0.2674394204395646
80,xalan,xerces,13,0.5303354874438455,0.2603165386955759
81,xerces,ant,5,0.6255076437569519,0.6255076437569519
82,xerces,log4j,6,0.5080679107618915,0.43961795439689055
83,xerces,ivy,7,0.5469055297911909,0.5567056626355101
84,xerces,jedit,8,0.39636188054906824,0.44153361181758477
85,xerces,lucene,9,0.4895980893733098,0.3604912796275793
86,xerces,camel,10,0.5795557846848687,0.5421128373096852
87,xerces,poi,11,0.5766164189295656,0.3157019828843537
88,xerces,velocity,12,0.5488335662343904,0.3026136886639178
89,xerces,xalan,13,0.4640267808761015,0.2715174279032747
0,ant,camel,5,0.04176810411759287,0.04176810411759287
1,ant,ivy,6,0.33285609352240336,0.16642804676120168
2,ant,jedit,7,0.4607870406426275,0.15359568021420916
3,ant,log4j,8,0.08118081180811808,0.02029520295202952
4,ant,lucene,9,0.12415191648098542,0.024830383296197085
5,ant,poi,10,0.10190266471019212,0.016983777451698687
6,ant,velocity,11,0.1031975607849269,0.014742508683560985
7,ant,xalan,12,0.25189176934396945,0.03148647116799618
8,ant,xerces,13,0.1600048920473655,0.017778321338596168
9,camel,ant,5,0.22148722995756764,0.22148722995756764
10,camel,ivy,6,0.24742268041237112,0.2069253635867864
11,camel,log4j,7,0.24651082648900122,0.09570041079768675
12,camel,jedit,8,0.06379407864845568,0.13877047664364653
13,camel,lucene,9,0.09946045814199456,0.03975639826535658
14,camel,poi,10,0.07873341182946336,0.027275383181326135
15,camel,velocity,11,0.14597127037596314,0.03348947463961843
16,camel,xalan,12,0.24292299895165825,0.05791603714095394
17,camel,xerces,13,0.2044509251898473,0.03851972176651296
18,ivy,ant,5,0.03370014338681351,0.03370014338681351
19,ivy,camel,6,0.0,0.020884052058796437
20,ivy,jedit,7,0.07614152042086664,0.1178941579027199
21,ivy,log4j,8,0.18786824532854499,0.11874236943040131
22,ivy,lucene,9,0.14366136053206022,0.060537390718697306
23,ivy,poi,10,0.1703165042424531,0.05111557002484729
24,ivy,velocity,11,0.12256342560920382,0.04621432477813063
25,ivy,xalan,12,0.23232174149840873,0.07971675018563579
26,ivy,xerces,13,0.25098384566695103,0.0621268466443394
27,jedit,ant,5,0.3076422475632663,0.3076422475632663
28,jedit,camel,6,0.09487435948728207,0.057879205773039254
29,jedit,log4j,7,0.05969201460549293,0.09905891782209852
30,jedit,velocity,8,0.04266330817746205,0.04532657062796348
31,jedit,ivy,9,0.1830030869897892,0.21136977465648193
32,jedit,lucene,10,0.04899777282850779,0.05979907416287752
33,jedit,poi,11,0.033378862544681594,0.05505964114201071
34,jedit,xerces,12,0.04483691314045403,0.059965604956353724
35,jedit,xalan,14,0.07662598486018847,0.08062055728439196
36,log4j,ant,5,0.48466941496841287,0.48466941496841287
37,log4j,camel,6,0.5198640856210103,0.2888716456970248
38,log4j,ivy,7,0.4558525075188889,0.2928640189439509
39,log4j,jedit,8,0.5138790267064888,0.2168903751036621
40,log4j,lucene,9,0.5523583506377929,0.1583109294578606
41,log4j,poi,10,0.4157861603413789,0.11518072767523874
42,log4j,velocity,11,0.5345057193505428,0.11520930615976054
43,log4j,xalan,12,0.45982974016717254,0.12802170514473954
44,log4j,xerces,13,0.5793154097946387,0.11767113882727427
45,lucene,ant,5,0.49169791108730593,0.49169791108730593
46,lucene,camel,6,0.5622272630748482,0.4255494543859365
47,lucene,ivy,7,0.541855749734479,0.3758612625407936
48,lucene,jedit,8,0.6263871763255241,0.31926457540912756
49,lucene,log4j,9,0.5458484499389604,0.1884168242454709
50,lucene,poi,10,0.5852445105720163,0.19352469149136833
51,lucene,velocity,11,0.521654034347117,0.17327283875795432
52,lucene,xalan,12,0.516157019348692,0.17653861942023358
53,lucene,xerces,13,0.5406809818142841,0.16467223249249757
54,poi,ant,5,0.609638731890911,0.609638731890911
55,poi,camel,6,0.5963162291916784,0.5109328417888075
56,poi,ivy,7,0.6335612195479068,0.4617612482098313
57,poi,jedit,8,0.62927759634226,0.39676783064241067
58,poi,log4j,9,0.6042839143217136,0.27159024226071943
59,poi,lucene,10,0.6044356826022671,0.23266505498192835
60,poi,velocity,11,0.53177833010133,0.22448790894986517
61,poi,xalan,12,0.47977296502294176,0.21444291262057208
62,poi,xerces,13,0.4921892967713401,0.20106301741236898
63,velocity,ant,5,0.595267301481697,0.595267301481697
64,velocity,ivy,6,0.5774526678141135,0.5196069580119724
65,velocity,log4j,7,0.45197930251146345,0.3317199290109674
66,velocity,camel,8,0.5139205572879398,0.5201528008041504
67,velocity,jedit,9,0.368580595983053,0.40574297066580006
68,velocity,lucene,10,0.49018287591909293,0.2755846918047891
69,velocity,poi,11,0.370191188436902,0.21876276248358745
70,velocity,xalan,12,0.4785296819093663,0.24745375878167136
71,velocity,xerces,13,0.4305733916194281,0.22656417010204224
72,xalan,ant,5,0.6510032227882315,0.6510032227882315
73,xalan,camel,6,0.4742912503270608,0.4972220255656056
74,xalan,jedit,7,0.5483904242741634,0.45329212186858786
75,xalan,log4j,8,0.4895122050946558,0.37116799803188955
76,xalan,ivy,9,0.5909970958373668,0.5483649289165358
77,xalan,lucene,10,0.5913640041229346,0.32821457719114666
78,xalan,poi,11,0.592937129902871,0.27221624354348506
79,xalan,velocity,12,0.5681000008674607,0.2674394204395646
80,xalan,xerces,13,0.5303354874438455,0.2603165386955759
81,xerces,ant,5,0.6255076437569519,0.6255076437569519
82,xerces,log4j,6,0.5080679107618915,0.43961795439689055
83,xerces,ivy,7,0.5469055297911909,0.5567056626355101
84,xerces,jedit,8,0.39636188054906824,0.44153361181758477
85,xerces,lucene,9,0.4895980893733098,0.3604912796275793
86,xerces,camel,10,0.5795557846848687,0.5421128373096852
87,xerces,poi,11,0.5766164189295656,0.3157019828843537
88,xerces,velocity,12,0.5488335662343904,0.3026136886639178
89,xerces,xalan,13,0.4640267808761015,0.2715174279032747
0,ant,ivy,6,0.4255755092202001,0.21278775461010005
1,ant,jedit,7,0.5593977032626782,0.18646590108755945
2,ant,log4j,8,0.10218978102189782,0.025547445255474456
3,ant,lucene,9,0.18592297476759626,0.03718459495351925
4,ant,poi,10,0.17262008733624454,0.028770014556040755
5,ant,velocity,11,0.1127644779974173,0.016109211142488186
6,ant,xalan,12,0.32242357637276065,0.04030294704659508
7,ant,xerces,13,0.24304399524375744,0.02700488836041749
8,camel,ant,5,0.2738769701688908,0.2738769701688908
9,camel,ivy,6,0.340955965762607,0.2768718601863535
10,camel,jedit,7,0.4893336815608,0.28742182791197296
11,camel,log4j,8,0.12949640287769784,0.051534684661030304
12,camel,lucene,9,0.17075238784009575,0.06389815353083454
13,camel,poi,10,0.4828073576029237,0.10444290506385456
14,camel,velocity,11,0.13650984133854008,0.0333093011704956
15,camel,xalan,12,0.2728140834769889,0.06936683910039433
16,camel,xerces,13,0.22109728764416609,0.04857071050305622
17,ivy,ant,5,0.24901904488467794,0.24901904488467794
18,ivy,camel,6,0.1357568204484398,0.16116382305389085
19,ivy,poi,7,0.07352856354182975,0.09413812455651296
20,ivy,jedit,8,0.4265603190428714,0.3332312625316477
21,ivy,velocity,9,0.1507436879662976,0.056796178529656
22,ivy,log4j,10,0.06687840834182299,0.06792351248772648
23,ivy,xalan,11,0.189295576544986,0.08649951587819313
24,ivy,xerces,12,0.13121412229309906,0.058901136976811576
25,ivy,lucene,15,0.08308966231077758,0.09123000786444517
26,jedit,ant,5,0.0768600842302293,0.0768600842302293
27,jedit,camel,6,0.09161750161988882,0.12639066233688984
28,jedit,ivy,7,0.12590206710971585,0.2265485958274743
29,jedit,log4j,8,0.015267175572519085,0.054759428258924624
30,jedit,lucene,9,0.013604627967285059,0.07570493188501316
31,jedit,poi,10,0.008450704225352114,0.0798568878346528
32,jedit,velocity,11,0.010840108401084009,0.050231025654145715
33,jedit,xalan,12,0.05072085495850405,0.082027183263232
34,jedit,xerces,13,0.0121580547112462,0.05370746116952653
35,log4j,ant,5,0.6944704779756327,0.6944704779756327
36,log4j,camel,6,0.5430904896819734,0.33474057600943163
37,log4j,ivy,7,0.6826174750746709,0.3785715555765398
38,log4j,jedit,8,0.6806198222661481,0.4200784024652728
39,log4j,lucene,9,0.6468717296287936,0.1899382914337692
40,log4j,poi,10,0.5972429448114003,0.1660878973307774
41,log4j,velocity,11,0.5848222602333735,0.12660120202260686
42,log4j,xalan,12,0.5515778629840583,0.14072101822833527
43,log4j,xerces,13,0.5455006060936245,0.10835114393887074
44,lucene,ant,5,0.4964386769440921,0.4964386769440921
45,lucene,camel,6,0.5120524703152248,0.4233965231623282
46,lucene,ivy,7,0.4724660616700873,0.40986972427438895
47,lucene,log4j,8,0.6007067137809188,0.1912462496394232
48,lucene,jedit,9,0.5246546047570695,0.4473671709747439
49,lucene,poi,10,0.4608380635037486,0.21521292502627254
50,lucene,velocity,11,0.5628397935257792,0.1889210008087743
51,lucene,xalan,12,0.5134739145755671,0.18731513027173924
52,lucene,xerces,13,0.541832195850735,0.1565157052624112
53,poi,ant,5,0.6518582090991495,0.6518582090991495
54,poi,camel,6,0.5576538947906127,0.4905252089764705
55,poi,ivy,7,0.5954363317897162,0.4717252601128314
56,poi,jedit,8,0.641629364684635,0.4959327194022166
57,poi,log4j,9,0.5732130464954893,0.2676396090106364
58,poi,lucene,10,0.6013454977165043,0.2585061591475584
59,poi,velocity,11,0.4454059557139221,0.22556170865236685
60,poi,xalan,12,0.52871050445612,0.22998955204478685
61,poi,xerces,13,0.5107032370968143,0.19586987546623374
62,velocity,ant,5,0.5426466391129245,0.5426466391129245
63,velocity,camel,6,0.43207778079956494,0.4613014948880177
64,velocity,jedit,7,0.43930739288004655,0.4770576105614933
65,velocity,ivy,8,0.43352146888618986,0.4647598530718835
66,velocity,log4j,9,0.4177071509648128,0.2976531174014717
67,velocity,lucene,10,0.3816504086475086,0.2790302007308834
68,velocity,poi,11,0.4073192763310709,0.24265668949838665
69,velocity,xalan,12,0.5070865267293375,0.2646266738803557
70,velocity,xerces,13,0.5245544711763374,0.2323903861006897
71,xalan,ant,5,0.6491786718200985,0.6491786718200985
72,xalan,ivy,6,0.6395012346230768,0.5521305438474802
73,xalan,log4j,7,0.5669200975469804,0.38740877744997454
74,xalan,camel,8,0.4668471716203259,0.4734756373573008
75,xalan,jedit,9,0.5428158847375165,0.4956289453868476
76,xalan,lucene,10,0.5823084147045179,0.32957656972648913
77,xalan,poi,11,0.5228072328992776,0.28267819569851393
78,xalan,velocity,12,0.5033576409960504,0.2602862001953273
79,xalan,xerces,13,0.4605983393687832,0.2577468253527001
80,xerces,ant,5,0.4282766545442565,0.4282766545442565
81,xerces,camel,6,0.3775997557565296,0.4255376965569152
82,xerces,ivy,7,0.4643295988435128,0.522863562179491
83,xerces,log4j,8,0.4521944782437319,0.4036052026484139
84,xerces,lucene,9,0.5513016845329249,0.37392159268777625
85,xerces,poi,10,0.3345318298086969,0.2913204680502111
86,xerces,jedit,11,0.5776223776223776,0.519301792690815
87,xerces,velocity,12,0.5244524874157757,0.2933069860978833
88,xerces,xalan,13,0.4519593144287085,0.2854414117190615
89,ant,camel,5,0.13578722328642387,0.13578722328642387
90,ant,ivy,6,0.2850800327141021,0.14254001635705107
91,ant,jedit,7,0.35430556859799045,0.11810185619933015
92,ant,log4j,8,0.08819368023895614,0.02204842005973904
93,ant,lucene,9,0.12017167381974245,0.02403433476394849
94,ant,poi,10,0.1366450264510386,0.0227741710751731
95,ant,velocity,11,0.14138961164112945,0.02019851594873278
96,ant,xalan,12,0.189295576544986,0.023661947068123246
97,ant,xerces,13,0.1599226832429108,0.01776918702699009
98,camel,ant,5,0.360018182929438,0.360018182929438
99,camel,ivy,6,0.2724607827602599,0.20750039955865546
100,camel,jedit,7,0.5675366162377192,0.2679134428787932
101,camel,log4j,8,0.2000339232204444,0.06654479584991538
102,camel,lucene,9,0.14749394781673092,0.048726257374504985
103,camel,poi,10,0.2439091684526111,0.05963000397141278
104,camel,velocity,11,0.18604193906743088,0.043890433537118224
105,camel,xalan,12,0.3254850497335555,0.06138983490130227
106,camel,xerces,13,0.2926845929860216,0.048315343244660254
107,ivy,ant,5,0.011363588216103079,0.011363588216103079
108,ivy,camel,7,0.12033222117097485,0.1327037940967575
109,ivy,jedit,8,0.22236676102985967,0.2652021994045655
110,ivy,log4j,9,0.022812304083159752,0.06364569441003715
111,ivy,lucene,10,0.035874439461883414,0.07126387700313845
112,ivy,poi,11,0.036111111111111115,0.06110322190890506
113,ivy,velocity,12,0.026879044300647085,0.07408424718763773
114,ivy,xalan,14,0.09986360575002012,0.10368592953821006
115,ivy,xerces,17,0.07926305420491807,0.08115359744781604
116,jedit,ant,5,0.15768725361366626,0.15768725361366626
117,jedit,camel,6,0.017636403827529012,0.07517009896214326
118,jedit,ivy,7,0.1690324642467176,0.19467775445467614
119,jedit,log4j,8,0.02281368821292776,0.0534376928607598
120,jedit,lucene,9,0.027027027027027032,0.062416507007916164
121,jedit,poi,10,0.03337969401947149,0.0564826339273328
122,jedit,velocity,11,0.010839891601083987,0.06504933924670146
123,jedit,xalan,12,0.07460275647493278,0.1000505329053004
124,jedit,xerces,13,0.06792563137838706,0.0796838234401017
125,log4j,ant,5,0.4156090182501716,0.4156090182501716
126,log4j,camel,6,0.5769618320610688,0.326065965511606
127,log4j,ivy,7,0.5032344412223958,0.2975299833772494
128,log4j,jedit,8,0.5378972501960371,0.33337596210243337
129,log4j,lucene,9,0.593985123577201,0.16873023032177312
130,log4j,poi,10,0.5419914434741839,0.13740076885180802
131,log4j,velocity,11,0.5786452353616532,0.13842018154883742
132,log4j,xalan,12,0.5195857438616179,0.15249243427484008
133,log4j,xerces,13,0.5410281177902416,0.13094430059011725
134,lucene,ant,5,0.6002305639750266,0.6002305639750266
135,lucene,camel,6,0.5822490852835175,0.4541575253975617
136,lucene,ivy,7,0.6276120144385204,0.4075573270643398
137,lucene,jedit,8,0.6225733029856739,0.4056752973232435
138,lucene,log4j,9,0.6332293365852113,0.1693960216056501
139,lucene,poi,10,0.6027825990770217,0.21496440722267693
140,lucene,velocity,11,0.6050345141156532,0.20507937191552544
141,lucene,xalan,12,0.5490042085826311,0.20205640606331396
142,lucene,xerces,13,0.5207985999232578,0.1742614449604662
143,poi,ant,5,0.6498325803196721,0.6498325803196721
144,poi,camel,6,0.5392221681778068,0.4966898467876842
145,poi,ivy,7,0.6062086705270205,0.4737744415519001
146,poi,jedit,8,0.6727978079813353,0.4724559249877665
147,poi,log4j,9,0.6000928936367859,0.25553539601187725
148,poi,lucene,10,0.5621020190804232,0.23429219511488145
149,poi,velocity,11,0.4836923076923078,0.2448812198836372
150,poi,xalan,12,0.5401753819683134,0.2443212780514389
151,poi,xerces,13,0.5502595438513491,0.2160390115038976
152,velocity,ant,5,0.29407522337787895,0.29407522337787895
153,velocity,camel,6,0.2657340148865573,0.3812119308371208
154,velocity,ivy,7,0.31800846900397145,0.4218524507025905
155,velocity,jedit,8,0.36858856331211537,0.4464890845688537
156,velocity,log4j,9,0.5296555959265135,0.3103594359948045
157,velocity,lucene,10,0.44242808748009904,0.2689815105090844
158,velocity,poi,11,0.4237454903246967,0.2447902762372512
159,velocity,xalan,12,0.42796996549522376,0.267277363981912
160,velocity,xerces,13,0.5191276580365078,0.2497155277852988
161,xalan,ant,5,0.4221648983821005,0.4221648983821005
162,xalan,camel,6,0.5851182781623114,0.4831651044997161
163,xalan,ivy,7,0.5967483141276662,0.4801510718442825
164,xalan,jedit,8,0.5386773547094189,0.469536152103995
165,xalan,log4j,9,0.5515991891940374,0.3586073866346511
166,xalan,lucene,10,0.5847096188747731,0.32160286190336584
167,xalan,poi,11,0.5338769438437486,0.2860883716096079
168,xalan,velocity,12,0.5639362851928631,0.2847631030472904
169,xalan,xerces,13,0.5523289572545294,0.28333924217076883
170,xerces,ant,5,0.6368301235872047,0.6368301235872047
171,xerces,ivy,6,0.6023879465554819,0.5412695091998821
172,xerces,jedit,7,0.5476287129287047,0.4955670057122316
173,xerces,log4j,8,0.5523923088388731,0.4070536171857066
174,xerces,camel,9,0.5044569506242429,0.5138714054780399
175,xerces,lucene,10,0.5783530707793996,0.3643945633827048
176,xerces,poi,11,0.5657245284979477,0.3260363940222279
177,xerces,velocity,12,0.5782092212387849,0.32144386782122725
178,xerces,xalan,13,0.4973022328003711,0.2928356827395185
179,ant,camel,5,0.02112120336302556,0.02112120336302556
180,ant,ivy,6,0.21014161717679306,0.10507080858839653
181,ant,jedit,7,0.19603453588474626,0.06534484529491541
182,ant,xalan,8,0.07867141230271638,0.01966785307567909
183,ant,poi,9,0.054976559074505035,0.01821475638848381
184,ant,log4j,10,0.0,0.00382140841298776
185,ant,xerces,12,0.0876680828894538,0.015830688454986273
186,ant,lucene,14,0.06620587892672697,0.027532158449877643
187,ant,velocity,20,0.06327934500327102,0.020100796445040932
188,camel,ant,5,0.5622178731941425,0.5622178731941425
189,camel,ivy,6,0.3952471834020809,0.2501589959952387
190,camel,jedit,7,0.2708701704224822,0.13385328700410434
191,camel,log4j,8,0.07402985074626865,0.02137351899630798
192,camel,poi,9,0.01682836927509215,0.017937478965805474
193,camel,lucene,10,0.14378952949642104,0.05191883175634312
194,camel,xalan,11,0.062167060164574066,0.02573916837409266
195,camel,xerces,12,0.08735903209284797,0.024771731409718983
196,camel,velocity,15,0.06325600040086185,0.03078113229726533
197,ivy,ant,5,0.2665398539147172,0.2665398539147172
198,ivy,jedit,6,0.3592479379506193,0.24655061247736185
199,ivy,camel,7,0.045213234092309235,0.061167624425895725
200,ivy,xalan,8,0.16697985521583106,0.06104934008452726
201,ivy,xerces,9,0.2072384729796728,0.06126507972370975
202,ivy,lucene,11,0.07043302201031937,0.07679449974403067
203,ivy,poi,13,0.21375864465107045,0.07552211145989544
204,ivy,log4j,17,0.03773584905660377,0.042327546370592516
205,ivy,velocity,19,0.04785956449970842,0.051090854091334535
206,jedit,ant,5,0.0926302243470966,0.0926302243470966
207,jedit,camel,6,0.0,0.030583812212947863
208,jedit,ivy,7,0.016666666666666666,0.1723282195523814
209,jedit,log4j,8,0.007662835249042145,0.03366136859020493
210,jedit,lucene,9,0.031451891633211916,0.06772597812186693
211,jedit,poi,10,0.01960640004710246,0.06620282622442995
212,jedit,velocity,11,0.026880387236279595,0.047632215969183836
213,jedit,xerces,12,0.02714669443382188,0.05700028156247376
214,jedit,xalan,13,0.05281810504303063,0.06095365818635098
215,log4j,ant,5,0.5584528291810195,0.5584528291810195
216,log4j,camel,6,0.5258604043742106,0.2782221082935792
217,log4j,ivy,7,0.5849153412006157,0.3098572601017928
218,log4j,jedit,8,0.5851229988285827,0.33119370906516704
219,log4j,lucene,9,0.5986340690883896,0.17390759631517144
220,log4j,poi,10,0.4365505017750769,0.12792743881620444
221,log4j,velocity,11,0.4572985836563928,0.10615598278164226
222,log4j,xalan,12,0.34229510885642905,0.09612133952011072
223,log4j,xerces,13,0.4805398021747712,0.10406022829717347
224,lucene,ant,5,0.5750507099391482,0.5750507099391482
225,lucene,camel,6,0.572110619935028,0.4251663641143036
226,lucene,ivy,7,0.5519229464830767,0.3905458222288874
227,lucene,jedit,8,0.5136385816089611,0.3768049272011156
228,lucene,log4j,9,0.6066134549600913,0.14825178586418222
229,lucene,poi,10,0.4913675740478594,0.18850079468814693
230,lucene,velocity,11,0.5652097595225557,0.17173509374462986
231,lucene,xalan,12,0.4752779140551634,0.14351591133699232
232,lucene,xerces,13,0.5101570295599881,0.1491820951041529
233,poi,ant,5,0.5251078297572506,0.5251078297572506
234,poi,camel,6,0.5877512075854254,0.5064587858498645
235,poi,ivy,7,0.6244698800674906,0.4685205081750885
236,poi,jedit,8,0.6053612149110451,0.4339439991285979
237,poi,log4j,9,0.6227347611202637,0.2431483809153985
238,poi,lucene,10,0.6352341841243437,0.2507953609500335
239,poi,velocity,11,0.5480237048637682,0.2254906096187925
240,poi,xalan,12,0.5533637449795097,0.19474689054230696
241,poi,xerces,13,0.4801237845440599,0.18595339393080926
242,velocity,ant,5,0.5257131998384761,0.5257131998384761
243,velocity,camel,6,0.460024285621906,0.4832415357358853
244,velocity,ivy,7,0.4556881665820213,0.4642430609773995
245,velocity,jedit,8,0.4069112087719189,0.4271858015394282
246,velocity,log4j,9,0.481838881058224,0.29088648094396363
247,velocity,lucene,10,0.4153473080420641,0.27822068546537193
248,velocity,poi,11,0.465117553892327,0.22801747457445834
249,velocity,xalan,12,0.4960094292706118,0.2324047078833451
250,velocity,xerces,13,0.5489950398906107,0.22629135459300934
251,xalan,ant,5,0.5839085990014783,0.5839085990014783
252,xalan,camel,6,0.4259483366562481,0.4545949361960666
253,xalan,ivy,7,0.6080622539926707,0.5121827919824898
254,xalan,jedit,8,0.6171384988275241,0.4746739758614522
255,xalan,log4j,9,0.5295246216158602,0.3386141090783429
256,xalan,lucene,10,0.5215258298602042,0.31877154286451065
257,xalan,poi,11,0.5840626605496319,0.2788810725709117
258,xalan,velocity,12,0.5315666262618786,0.2637501116991783
259,xalan,xerces,13,0.5264920828258222,0.2596469910633219
260,xerces,ant,5,0.5740854031567356,0.5740854031567356
261,xerces,camel,6,0.5272889281548641,0.4909419321754653
262,xerces,ivy,7,0.5871193210184723,0.537161634994484
263,xerces,jedit,8,0.5292902076744797,0.48832803381470896
264,xerces,log4j,9,0.5929411764705883,0.389479522556792
265,xerces,lucene,10,0.5283814303638644,0.3537065241144029
266,xerces,poi,11,0.4773420711078959,0.3072326437904809
267,xerces,velocity,12,0.5461341454973351,0.2990481159239479
268,xerces,xalan,13,0.4402151427389326,0.2554947562006326
0,ant,camel,5,0.11395043381205795,0.11395043381205795
1,ant,ivy,6,0.3968205812754081,0.19841029063770405
2,ant,jedit,7,0.5148698851221761,0.17162329504072538
3,ant,log4j,8,0.05969201460549293,0.014923003651373232
4,ant,lucene,9,0.2082034930067396,0.04164069860134792
5,ant,poi,10,0.2263466755245529,0.037724445920758826
6,ant,velocity,11,0.10797769252066604,0.015425384645809437
7,ant,xalan,12,0.2296457205407119,0.028705715067588986
8,ant,xerces,13,0.20917130297158665,0.023241255885731848
9,camel,ant,5,0.1426058324314612,0.1426058324314612
10,camel,ivy,6,0.1962854088722608,0.19734784975498246
11,camel,jedit,7,0.2897704085331875,0.2110056662048794
12,camel,log4j,8,0.06686612718620108,0.027908784535080198
13,camel,lucene,9,0.1551223025283572,0.06433701938674978
14,camel,poi,10,0.12684024297956764,0.052577078763893635
15,camel,velocity,11,0.11286690555914546,0.029345601919143156
16,camel,xalan,12,0.257820088171331,0.05734501170555674
17,camel,xerces,13,0.25944965225279715,0.04948663325985022
18,ivy,ant,5,0.1479231699429118,0.1479231699429118
19,ivy,camel,6,0.01763633355183189,0.06579338368194491
20,ivy,jedit,7,0.013114455706858695,0.14504192937220586
21,ivy,log4j,8,0.02281368821292776,0.026635010454542085
22,ivy,lucene,9,0.01809954751131222,0.05508952501166227
23,ivy,poi,10,0.008450650931358432,0.045222674125137766
24,ivy,xerces,11,0.030117713382314188,0.0467196447059165
25,ivy,xalan,12,0.04860974401464134,0.05776469668794947
26,ivy,velocity,27,0.15559800726673406,0.07545370523451213
27,jedit,ant,5,0.4481152434455636,0.4481152434455636
28,jedit,camel,6,0.1629144668654466,0.11435392527369576
29,jedit,ivy,7,0.1966329080626069,0.1971095358575239
30,jedit,velocity,8,0.037433155080213915,0.06594856769593757
31,jedit,lucene,9,0.05763995125366245,0.057824174087591225
32,jedit,poi,10,0.04694633959131572,0.049211426180559535
33,jedit,xalan,11,0.12732383823857166,0.06770171690946693
34,jedit,xerces,12,0.09046066632119557,0.052187272407826384
35,jedit,log4j,17,0.03773584905660377,0.049781065822298125
36,log4j,ant,5,0.2706068928170811,0.2706068928170811
37,log4j,ivy,6,0.16315243691669548,0.18013098638710967
38,log4j,camel,7,0.1127162704152236,0.14231311766878865
39,log4j,lucene,8,0.050961144112082836,0.056108416593714135
40,log4j,jedit,9,0.045917339632661335,0.12838714073373764
41,log4j,poi,10,0.008902077151335362,0.04249320134235551
42,log4j,velocity,11,0.05016534228320423,0.06369382120840424
43,log4j,xerces,12,0.18420911926332972,0.0686900032647643
44,log4j,xalan,13,0.22012378950140854,0.08609008041126938
45,lucene,ant,5,0.5034007201525028,0.5034007201525028
46,lucene,camel,6,0.5698715219788016,0.35609231982379513
47,lucene,ivy,7,0.5453187823090179,0.3018602516944124
48,lucene,jedit,8,0.4833167115729697,0.21711953344354568
49,lucene,log4j,9,0.5550806803314435,0.1508409887241272
50,lucene,poi,10,0.5071558928056863,0.11993698325291065
51,lucene,velocity,11,0.5365432403376748,0.13124373822687144
52,lucene,xalan,12,0.4783634933123525,0.13512425702390474
53,lucene,xerces,13,0.5554343248461027,0.12277270566269075
54,poi,ant,5,0.7230438329313309,0.7230438329313309
55,poi,camel,6,0.4400967410502985,0.3980945304370468
56,poi,ivy,7,0.5849661641693961,0.3962288891860736
57,poi,jedit,8,0.6460300841467758,0.3243471711193532
58,poi,log4j,9,0.4948868398994132,0.21965015895918444
59,poi,lucene,10,0.5311531951585603,0.13528254635452186
60,poi,velocity,11,0.5379677889691464,0.18934717404719645
61,poi,xalan,12,0.5455374707959864,0.18642590874541495
62,poi,xerces,13,0.4623489308955687,0.16050339735523275
63,velocity,ant,5,0.4444056858812244,0.4444056858812244
64,velocity,camel,6,0.5223078582212956,0.4602011943291712
65,velocity,log4j,7,0.4538138309237234,0.29770471628069745
66,velocity,ivy,8,0.25776781573659,0.3617215895213659
67,velocity,jedit,9,0.4379491747824097,0.3601201475192773
68,velocity,lucene,10,0.2721256725833384,0.1580897340593246
69,velocity,poi,11,0.3839287339500307,0.1576500904953564
70,velocity,xalan,12,0.5169904386680729,0.22774647498574724
71,velocity,xerces,13,0.538313408723748,0.20248228750729003
72,xalan,ant,5,0.5190700893205463,0.5190700893205463
73,xalan,camel,6,0.5675974568431439,0.5138993255861575
74,xalan,ivy,7,0.5705857659885865,0.4313429816771061
75,xalan,jedit,8,0.4102958494556467,0.3726640730033697
76,xalan,log4j,9,0.4054905490549056,0.3192618828355391
77,xalan,lucene,10,0.5326229617600606,0.22051193867611396
78,xalan,poi,11,0.4991950764321228,0.20644223134346587
79,xalan,velocity,12,0.5772963994671004,0.2378408272246845
80,xalan,xerces,13,0.5503559132585744,0.24113491259076605
81,xerces,ant,5,0.6429250328583125,0.6429250328583125
82,xerces,camel,6,0.4655880300546891,0.4897436778204233
83,xerces,ivy,7,0.5882313629832592,0.4836391087791571
84,xerces,jedit,8,0.6882074275857611,0.4515499116489675
85,xerces,log4j,9,0.369877408056042,0.3293849878796397
86,xerces,lucene,10,0.5355088571624997,0.2730114250905116
87,xerces,poi,11,0.2976256867952107,0.21946843926514373
88,xerces,velocity,12,0.576714250350689,0.280200005115435
89,xerces,xalan,13,0.5271227203576705,0.26101050224929423
90,ant,camel,5,0.11395043381205795,0.11395043381205795
91,ant,ivy,6,0.3968205812754081,0.19841029063770405
92,ant,jedit,7,0.5148698851221761,0.17162329504072538
93,ant,log4j,8,0.05969201460549293,0.014923003651373232
94,ant,lucene,9,0.2082034930067396,0.04164069860134792
95,ant,poi,10,0.2263466755245529,0.037724445920758826
96,ant,velocity,11,0.10797769252066604,0.015425384645809437
97,ant,xalan,12,0.2296457205407119,0.028705715067588986
98,ant,xerces,13,0.20917130297158665,0.023241255885731848
99,camel,ant,5,0.1426058324314612,0.1426058324314612
100,camel,ivy,6,0.1962854088722608,0.19734784975498246
101,camel,jedit,7,0.2897704085331875,0.2110056662048794
102,camel,log4j,8,0.06686612718620108,0.027908784535080198
103,camel,lucene,9,0.1551223025283572,0.06433701938674978
104,camel,poi,10,0.12684024297956764,0.052577078763893635
105,camel,velocity,11,0.11286690555914546,0.029345601919143156
106,camel,xalan,12,0.257820088171331,0.05734501170555674
107,camel,xerces,13,0.25944965225279715,0.04948663325985022
108,ivy,ant,5,0.1479231699429118,0.1479231699429118
109,ivy,camel,6,0.01763633355183189,0.06579338368194491
110,ivy,jedit,7,0.013114455706858695,0.14504192937220586
111,ivy,log4j,8,0.02281368821292776,0.026635010454542085
112,ivy,lucene,9,0.01809954751131222,0.05508952501166227
113,ivy,poi,10,0.008450650931358432,0.045222674125137766
114,ivy,xerces,11,0.030117713382314188,0.0467196447059165
115,ivy,xalan,12,0.04860974401464134,0.05776469668794947
116,ivy,velocity,27,0.15559800726673406,0.07545370523451213
117,jedit,ant,5,0.4481152434455636,0.4481152434455636
118,jedit,camel,6,0.1629144668654466,0.11435392527369576
119,jedit,ivy,7,0.1966329080626069,0.1971095358575239
120,jedit,velocity,8,0.037433155080213915,0.06594856769593757
121,jedit,lucene,9,0.05763995125366245,0.057824174087591225
122,jedit,poi,10,0.04694633959131572,0.049211426180559535
123,jedit,xalan,11,0.12732383823857166,0.06770171690946693
124,jedit,xerces,12,0.09046066632119557,0.052187272407826384
125,jedit,log4j,17,0.03773584905660377,0.049781065822298125
126,log4j,ant,5,0.2706068928170811,0.2706068928170811
127,log4j,ivy,6,0.16315243691669548,0.18013098638710967
128,log4j,camel,7,0.1127162704152236,0.14231311766878865
129,log4j,lucene,8,0.050961144112082836,0.056108416593714135
130,log4j,jedit,9,0.045917339632661335,0.12838714073373764
131,log4j,poi,10,0.008902077151335362,0.04249320134235551
132,log4j,velocity,11,0.05016534228320423,0.06369382120840424
133,log4j,xerces,12,0.18420911926332972,0.0686900032647643
134,log4j,xalan,13,0.22012378950140854,0.08609008041126938
135,lucene,ant,5,0.5034007201525028,0.5034007201525028
136,lucene,camel,6,0.5698715219788016,0.35609231982379513
137,lucene,ivy,7,0.5453187823090179,0.3018602516944124
138,lucene,jedit,8,0.4833167115729697,0.21711953344354568
139,lucene,log4j,9,0.5550806803314435,0.1508409887241272
140,lucene,poi,10,0.5071558928056863,0.11993698325291065
141,lucene,velocity,11,0.5365432403376748,0.13124373822687144
142,lucene,xalan,12,0.4783634933123525,0.13512425702390474
143,lucene,xerces,13,0.5554343248461027,0.12277270566269075
144,poi,ant,5,0.7230438329313309,0.7230438329313309
145,poi,camel,6,0.4400967410502985,0.3980945304370468
146,poi,ivy,7,0.5849661641693961,0.3962288891860736
147,poi,jedit,8,0.6460300841467758,0.3243471711193532
148,poi,log4j,9,0.4948868398994132,0.21965015895918444
149,poi,lucene,10,0.5311531951585603,0.13528254635452186
150,poi,velocity,11,0.5379677889691464,0.18934717404719645
151,poi,xalan,12,0.5455374707959864,0.18642590874541495
152,poi,xerces,13,0.4623489308955687,0.16050339735523275
153,velocity,ant,5,0.4444056858812244,0.4444056858812244
154,velocity,camel,6,0.5223078582212956,0.4602011943291712
155,velocity,log4j,7,0.4538138309237234,0.29770471628069745
156,velocity,ivy,8,0.25776781573659,0.3617215895213659
157,velocity,jedit,9,0.4379491747824097,0.3601201475192773
158,velocity,lucene,10,0.2721256725833384,0.1580897340593246
159,velocity,poi,11,0.3839287339500307,0.1576500904953564
160,velocity,xalan,12,0.5169904386680729,0.22774647498574724
161,velocity,xerces,13,0.538313408723748,0.20248228750729003
162,xalan,ant,5,0.5190700893205463,0.5190700893205463
163,xalan,camel,6,0.5675974568431439,0.5138993255861575
164,xalan,ivy,7,0.5705857659885865,0.4313429816771061
165,xalan,jedit,8,0.4102958494556467,0.3726640730033697
166,xalan,log4j,9,0.4054905490549056,0.3192618828355391
167,xalan,lucene,10,0.5326229617600606,0.22051193867611396
168,xalan,poi,11,0.4991950764321228,0.20644223134346587
169,xalan,velocity,12,0.5772963994671004,0.2378408272246845
170,xalan,xerces,13,0.5503559132585744,0.24113491259076605
171,xerces,ant,5,0.6429250328583125,0.6429250328583125
172,xerces,camel,6,0.4655880300546891,0.4897436778204233
173,xerces,ivy,7,0.5882313629832592,0.4836391087791571
174,xerces,jedit,8,0.6882074275857611,0.4515499116489675
175,xerces,log4j,9,0.369877408056042,0.3293849878796397
176,xerces,lucene,10,0.5355088571624997,0.2730114250905116
177,xerces,poi,11,0.2976256867952107,0.21946843926514373
178,xerces,velocity,12,0.576714250350689,0.280200005115435
179,xerces,xalan,13,0.5271227203576705,0.26101050224929423
180,ant,camel,5,0.11395043381205795,0.11395043381205795
181,ant,ivy,6,0.3968205812754081,0.19841029063770405
182,ant,jedit,7,0.5148698851221761,0.17162329504072538
183,ant,log4j,8,0.05969201460549293,0.014923003651373232
184,ant,lucene,9,0.2082034930067396,0.04164069860134792
185,ant,poi,10,0.2263466755245529,0.037724445920758826
186,ant,velocity,11,0.10797769252066604,0.015425384645809437
187,ant,xalan,12,0.2296457205407119,0.028705715067588986
188,ant,xerces,13,0.20917130297158665,0.023241255885731848
189,camel,ant,5,0.1426058324314612,0.1426058324314612
190,camel,ivy,6,0.1962854088722608,0.19734784975498246
191,camel,jedit,7,0.2897704085331875,0.2110056662048794
192,camel,log4j,8,0.06686612718620108,0.027908784535080198
193,camel,lucene,9,0.1551223025283572,0.06433701938674978
194,camel,poi,10,0.12684024297956764,0.052577078763893635
195,camel,velocity,11,0.11286690555914546,0.029345601919143156
196,camel,xalan,12,0.257820088171331,0.05734501170555674
197,camel,xerces,13,0.25944965225279715,0.04948663325985022
198,ivy,ant,5,0.1479231699429118,0.1479231699429118
199,ivy,camel,6,0.01763633355183189,0.06579338368194491
200,ivy,jedit,7,0.013114455706858695,0.14504192937220586
201,ivy,log4j,8,0.02281368821292776,0.026635010454542085
202,ivy,lucene,9,0.01809954751131222,0.05508952501166227
203,ivy,poi,10,0.008450650931358432,0.045222674125137766
204,ivy,xerces,11,0.030117713382314188,0.0467196447059165
205,ivy,xalan,12,0.04860974401464134,0.05776469668794947
206,ivy,velocity,27,0.15559800726673406,0.07545370523451213
207,jedit,ant,5,0.4481152434455636,0.4481152434455636
208,jedit,camel,6,0.1629144668654466,0.11435392527369576
209,jedit,ivy,7,0.1966329080626069,0.1971095358575239
210,jedit,velocity,8,0.037433155080213915,0.06594856769593757
211,jedit,lucene,9,0.05763995125366245,0.057824174087591225
212,jedit,poi,10,0.04694633959131572,0.049211426180559535
213,jedit,xalan,11,0.12732383823857166,0.06770171690946693
214,jedit,xerces,12,0.09046066632119557,0.052187272407826384
215,jedit,log4j,17,0.03773584905660377,0.049781065822298125
216,log4j,ant,5,0.2706068928170811,0.2706068928170811
217,log4j,ivy,6,0.16315243691669548,0.18013098638710967
218,log4j,camel,7,0.1127162704152236,0.14231311766878865
219,log4j,lucene,8,0.050961144112082836,0.056108416593714135
220,log4j,jedit,9,0.045917339632661335,0.12838714073373764
221,log4j,poi,10,0.008902077151335362,0.04249320134235551
222,log4j,velocity,11,0.05016534228320423,0.06369382120840424
223,log4j,xerces,12,0.18420911926332972,0.0686900032647643
224,log4j,xalan,13,0.22012378950140854,0.08609008041126938
225,lucene,ant,5,0.5034007201525028,0.5034007201525028
226,lucene,camel,6,0.5698715219788016,0.35609231982379513
227,lucene,ivy,7,0.5453187823090179,0.3018602516944124
228,lucene,jedit,8,0.4833167115729697,0.21711953344354568
229,lucene,log4j,9,0.5550806803314435,0.1508409887241272
230,lucene,poi,10,0.5071558928056863,0.11993698325291065
231,lucene,velocity,11,0.5365432403376748,0.13124373822687144
232,lucene,xalan,12,0.4783634933123525,0.13512425702390474
233,lucene,xerces,13,0.5554343248461027,0.12277270566269075
234,poi,ant,5,0.7230438329313309,0.7230438329313309
235,poi,camel,6,0.4400967410502985,0.3980945304370468
236,poi,ivy,7,0.5849661641693961,0.3962288891860736
237,poi,jedit,8,0.6460300841467758,0.3243471711193532
238,poi,log4j,9,0.4948868398994132,0.21965015895918444
239,poi,lucene,10,0.5311531951585603,0.13528254635452186
240,poi,velocity,11,0.5379677889691464,0.18934717404719645
241,poi,xalan,12,0.5455374707959864,0.18642590874541495
242,poi,xerces,13,0.4623489308955687,0.16050339735523275
243,velocity,ant,5,0.4444056858812244,0.4444056858812244
244,velocity,camel,6,0.5223078582212956,0.4602011943291712
245,velocity,log4j,7,0.4538138309237234,0.29770471628069745
246,velocity,ivy,8,0.25776781573659,0.3617215895213659
247,velocity,jedit,9,0.4379491747824097,0.3601201475192773
248,velocity,lucene,10,0.2721256725833384,0.1580897340593246
249,velocity,poi,11,0.3839287339500307,0.1576500904953564
250,velocity,xalan,12,0.5169904386680729,0.22774647498574724
251,velocity,xerces,13,0.538313408723748,0.20248228750729003
252,xalan,ant,5,0.5190700893205463,0.5190700893205463
253,xalan,camel,6,0.5675974568431439,0.5138993255861575
254,xalan,ivy,7,0.5705857659885865,0.4313429816771061
255,xalan,jedit,8,0.4102958494556467,0.3726640730033697
256,xalan,log4j,9,0.4054905490549056,0.3192618828355391
257,xalan,lucene,10,0.5326229617600606,0.22051193867611396
258,xalan,poi,11,0.4991950764321228,0.20644223134346587
259,xalan,velocity,12,0.5772963994671004,0.2378408272246845
260,xalan,xerces,13,0.5503559132585744,0.24113491259076605
261,xerces,ant,5,0.6429250328583125,0.6429250328583125
262,xerces,camel,6,0.4655880300546891,0.4897436778204233
263,xerces,ivy,7,0.5882313629832592,0.4836391087791571
264,xerces,jedit,8,0.6882074275857611,0.4515499116489675
265,xerces,log4j,9,0.369877408056042,0.3293849878796397
266,xerces,lucene,10,0.5355088571624997,0.2730114250905116
267,xerces,poi,11,0.2976256867952107,0.21946843926514373
268,xerces,velocity,12,0.576714250350689,0.280200005115435
269,xerces,xalan,13,0.5271227203576705,0.26101050224929423
